{
  "random_seed": 12345,

  "Y0": 100.0,
  "v0": 0.5,
  "T": 1.0,
  "n_steps": 252,

  "alpha": 1.0,
  "kappa": 0.0,
  "L": 0.0,

  "sigma2": -0.5,
  "a1": 1.8,
  "a2": 1.2,

  "sigma1_lo_tm": 0.0,
  "sigma1_hi_tm": 0.3333333333333333,
  "sigma1_lo_slm": 0.3333333333333333,
  "sigma1_hi_slm": 1.0,

  "n_paths": {
    "train": 80000,
    "val": 10000,
    "test": 10000
  }
}
