variant,depth,X_dim,train_acc,train_auc,val_acc,val_auc,test_acc,test_auc
ll_log,3,14,0.9142,0.9331978333333334,0.903,0.9303666666666668,0.932,0.9401250000000001
